Workbook

Sheet MARGASARI_KALISALAK(1)
A1: NO | B1: KEC_ID | C1: KECAMATAN | D1: KEL_ID | E1: KELURAHAN | F1: DPID | G1: NKK | H1: NIK | I1: NAMA | J1: TEMPAT LAHIR | K1: TANGGAL LAHIR | L1: STS KAWIN | M1: KELAMIN | N1: ALAMAT | O1: RT | P1: RW | Q1: DISABILITAS | R1: EKTP | S1: KETERANGAN | T1: SUMBER | U1: TPS_ID | V1: TPS | W1: K1 | X1: K2 | Y1: K3 | Z1: UPDATED_AT | AA1: STATUS | AB1: RANK | AC1: TAHAPAN_ID | AD1: PROV_ASAL | AE1: KAB_ASAL | AF1: KEC_ASAL | AG1: KEL_ASAL
A2: 1 | B2: 3695 | C2: MARGASARI | D2: 47273 | E2: KALISALAK | F2: 1161935 | G2: 3311111605170002 | H2: 3328011005960006 | I2: ARIFIN | J2: TEGAL | K2: 10|05|1996 | L2: S | M2: L | N2: KALISALAK | O2: 1 | P2: 1 | Q2: 0 | R2: s | S2: 0 | T2: dp4 | U2: 1347273001 | V2: 1 | W2: null | X2: null | Y2: null | Z2: 45453 | AA2: aktif | AB2: aktif | AC2: 1 | AD2: null | AE2: null | AF2: null | AG2: null
A3: 2 | B3: 3695 | C3: MARGASARI | D3: 47273 | E3: KALISALAK | F3: 1161936 | G3: 3311111605170002 | H3: 3328015312950006 | I3: WASRIPAH | J3: TEGAL | K3: 13|12|1995 | L3: S | M3: P | N3: KALISALAK | O3: 1 | P3: 1 | Q3: 0 | R3: s | S3: 0 | T3: dp4 | U3: 1347273001 | V3: 1 | W3: null | X3: null | Y3: null | Z3: 45453 | AA3: aktif | AB3: aktif | AC3: 1 | AD3: null | AE3: null | AF3: null | AG3: null
A4: 3 | B4: 3695 | C4: MARGASARI | D4: 47273 | E4: KALISALAK | F4: 1161937 | G4: 3328010201150003 | H4: 3328016203870002 | I4: DEWI PURWANTI | J4: TEGAL | K4: 22|03|1987 | L4: S | M4: P | N4: KALISALAK | O4: 1 | P4: 1 | Q4: 0 | R4: s | S4: 0 | T4: dp4 | U4: 1347273001 | V4: 1 | W4: null | X4: null | Y4: null | Z4: 45453 | AA4: aktif | AB4: aktif | AC4: 1 | AD4: null | AE4: null | AF4: null | AG4: null
A5: 4 | B5: 3695 | C5: MARGASARI | D5: 47273 | E5: KALISALAK | F5: 1161938 | G5: 3328010201150003 | H5: 3328012306830006 | I5: SOFYAN SAHURI | J5: TEGAL | K5: 23|06|1983 | L5: S | M5: L | N5: KALISALAK | O5: 1 | P5: 1 | Q5: 0 | R5: s | S5: 0 | T5: dp4 | U5: 1347273001 | V5: 1 | W5: null | X5: null | Y5: null | Z5: 45453 | AA5: aktif | AB5: aktif | AC5: 1 | AD5: null | AE5: null | AF5: null | AG5: null
A6: 5 | B6: 3695 | C6: MARGASARI | D6: 47273 | E6: KALISALAK | F6: 1161939 | G6: 3328010201240011 | H6: 3328010609990006 | I6: MOCH. ZAEDI AKBAR | J6: MAJALENGKA | K6: 06|09|1999 | L6: B | M6: L | N6: KALISALAK | O6: 1 | P6: 1 | Q6: 0 | R6: s | S6: 0 | T6: dp4 | U6: 1347273001 | V6: 1 | W6: null | X6: null | Y6: null | Z6: 45453 | AA6: aktif | AB6: aktif | AC6: 1 | AD6: null | AE6: null | AF6: null | AG6: null
A7: 6 | B7: 3695 | C7: MARGASARI | D7: 47273 | E7: KALISALAK | F7: 1161940 | G7: 3328010203160010 | H7: 3328016104630005 | I7: MASPUPAH | J7: TEGAL | K7: 21|04|1963 | L7: P | M7: P | N7: KALI SALAK | O7: 1 | P7: 1 | Q7: 0 | R7: s | S7: 0 | T7: dp4 | U7: 1347273001 | V7: 1 | W7: null | X7: null | Y7: null | Z7: 45453 | AA7: aktif | AB7: aktif | AC7: 1 | AD7: null | AE7: null | AF7: null | AG7: null
A8: 7 | B8: 3695 | C8: MARGASARI | D8: 47273 | E8: KALISALAK | F8: 1161941 | G8: 3328010203220015 | H8: 3309065511950002 | I8: SRI WAHYUNI | J8: BOYOLALI | K8: 15|11|1995 | L8: S | M8: P | N8: KALISALAK | O8: 1 | P8: 1 | Q8: 0 | R8: s | S8: 0 | T8: dp4 | U8: 1347273001 | V8: 1 | W8: null | X8: null | Y8: null | Z8: 45453 | AA8: aktif | AB8: aktif | AC8: 1 | AD8: null | AE8: null | AF8: null | AG8: null
A9: 8 | B9: 3695 | C9: MARGASARI | D9: 47273 | E9: KALISALAK | F9: 1161942 | G9: 3328010203220015 | H9: 3328011607970004 | I9: M. AGUNG PRASETYO | J9: TEGAL | K9: 16|06|1997 | L9: S | M9: L | N9: KALISALAK | O9: 1 | P9: 1 | Q9: 0 | R9: s | S9: 0 | T9: dp4 | U9: 1347273001 | V9: 1 | W9: null | X9: null | Y9: null | Z9: 45453 | AA9: aktif | AB9: aktif | AC9: 1 | AD9: null | AE9: null | AF9: null | AG9: null
A10: 9 | B10: 3695 | C10: MARGASARI | D10: 47273 | E10: KALISALAK | F10: 1161944 | G10: 3328010206200003 | H10: 3328010112970003 | I10: MEI DWI PURWANTO | J10: TEGAL | K10: 22|05|1996 | L10: S | M10: L | N10: KALISALAK | O10: 1 | P10: 1 | Q10: 0 | R10: s | S10: 0 | T10: dp4 | U10: 1347273001 | V10: 1 | W10: null | X10: null | Y10: null | Z10: 45453 | AA10: aktif | AB10: aktif | AC10: 1 | AD10: null | AE10: null | AF10: null | AG10: null
A11: 10 | B11: 3695 | C11: MARGASARI | D11: 47273 | E11: KALISALAK | F11: 1161945 | G11: 3328010206200003 | H11: 3328014910950004 | I11: ELI SUSANTI | J11: TEGAL | K11: 01|11|1995 | L11: S | M11: P | N11: KALISALAK | O11: 1 | P11: 1 | Q11: 0 | R11: s | S11: 0 | T11: dp4 | U11: 1347273001 | V11: 1 | W11: null | X11: null | Y11: null | Z11: 45453 | AA11: aktif | AB11: aktif | AC11: 1 | AD11: null | AE11: null | AF11: null | AG11: null
A12: 11 | B12: 3695 | C12: MARGASARI | D12: 47273 | E12: KALISALAK | F12: 1161946 | G12: 3328010211180006 | H12: 3328017112430064 | I12: WATIAH | J12: TEGAL | K12: 31|12|1943 | L12: P | M12: P | N12: DESA KALISALAK | O12: 1 | P12: 1 | Q12: 0 | R12: s | S12: 0 | T12: dp4 | U12: 1347273001 | V12: 1 | W12: null | X12: null | Y12: null | Z12: 45453 | AA12: aktif | AB12: aktif | AC12: 1 | AD12: null | AE12: null | AF12: null | AG12: null
A13: 12 | B13: 3695 | C13: MARGASARI | D13: 47273 | E13: KALISALAK | F13: 1161947 | G13: 3328010212130009 | H13: 3328016303840008 | I13: ALJAZIROH | J13: TEGAL | K13: 23|03|1984 | L13: S | M13: P | N13: KALI SALAK | O13: 1 | P13: 1 | Q13: 0 | R13: s | S13: 0 | T13: dp4 | U13: 1347273001 | V13: 1 | W13: null | X13: null | Y13: null | Z13: 45453 | AA13: aktif | AB13: aktif | AC13: 1 | AD13: null | AE13: null | AF13: null | AG13: null
... A103: 102 | B103: 3695 | C103: MARGASARI | D103: 47273 | E103: KALISALAK | F103: 1162042 | G103: 3328011807110026 | H103: 3328011906930006 | I103: WANTORO | J103: TEGAL | K103: 19|06|1993 | L103: B | M103: L | N103: KALISALAK | O103: 1 | P103: 1 | Q103: 0 | R103: s | S103: 0 | T103: dp4 | U103: 1347273001 | V103: 1 | W103: null | X103: null | Y103: null | Z103: 45453 | AA103: aktif | AB103: aktif | AC103: 1 | AD103: null | AE103: null | AF103: null | AG103: null
A104: 103 | B104: 3695 | C104: MARGASARI | D104: 47273 | E104: KALISALAK | F104: 1162043 | G104: 3328010201240011 | H104: 3328015810000005 | I104: NOFIYA | J104: TEGAL | K104: 18|10|2000 | L104: B | M104: P | N104: KALISALAK | O104: 1 | P104: 1 | Q104: 0 | R104: s | S104: u | T104: coklit | U104: 1347273001 | V104: 1 | W104: null | X104: null | Y104: null | Z104: 45497 | AA104: ubah | AB104: ubah | AC104: 2 | AD104: null | AE104: null | AF104: null | AG104: null
A105: 104 | B105: 3695 | C105: MARGASARI | D105: 47273 | E105: KALISALAK | F105: 1162044 | G105: 3328011811190002 | H105: 3328011212960008 | I105: RIZAL IRWANTO | J105: TEGAL | K105: 12|12|1995 | L105: S | M105: L | N105: KALISALAK | O105: 1 | P105: 1 | Q105: 0 | R105: s | S105: 0 | T105: dp4 | U105: 1347273001 | V105: 1 | W105: null | X105: null | Y105: null | Z105: 45453 | AA105: aktif | AB105: aktif | AC105: 1 | AD105: null | AE105: null | AF105: null | AG105: null
A106: 105 | B106: 3695 | C106: MARGASARI | D106: 47273 | E106: KALISALAK | F106: 1162045 | G106: 3328011811190002 | H106: 3328015701980004 | I106: ELMI VIRGIANI | J106: TEGAL | K106: 17|01|1998 | L106: S | M106: P | N106: KALISALAK | O106: 1 | P106: 1 | Q106: 0 | R106: s | S106: 0 | T106: dp4 | U106: 1347273001 | V106: 1 | W106: null | X106: null | Y106: null | Z106: 45453 | AA106: aktif | AB106: aktif | AC106: 1 | AD106: null | AE106: null | AF106: null | AG106: null
A107: 106 | B107: 3695 | C107: MARGASARI | D107: 47273 | E107: KALISALAK | F107: 1162046 | G107: 3328012009110030 | H107: 3328011410880002 | I107: DEDI IRAWAN | J107: TEGAL | K107: 14|10|1988 | L107: S | M107: L | N107: KALI SALAK | O107: 1 | P107: 1 | Q107: 0 | R107: s | S107: 0 | T107: dp4 | U107: 1347273001 | V107: 1 | W107: null | X107: null | Y107: null | Z107: 45453 | AA107: aktif | AB107: aktif | AC107: 1 | AD107: null | AE107: null | AF107: null | AG107: null
A108: 107 | B108: 3695 | C108: MARGASARI | D108: 47273 | E108: KALISALAK | F108: 1162047 | G108: 3328012009110030 | H108: 3328016006890005 | I108: SITI MASITOH | J108: TEGAL | K108: 20|06|1989 | L108: S | M108: P | N108: KALI SALAK | O108: 1 | P108: 1 | Q108: 0 | R108: s | S108: 0 | T108: dp4 | U108: 1347273001 | V108: 1 | W108: null | X108: null | Y108: null | Z108: 45453 | AA108: aktif | AB108: aktif | AC108: 1 | AD108: null | AE108: null | AF108: null | AG108: null
A109: 108 | B109: 3695 | C109: MARGASARI | D109: 47273 | E109: KALISALAK | F109: 1162048 | G109: 3328012009160007 | H109: 3328017112550055 | I109: KHOLIPAH | J109: TEGAL | K109: 31|12|1955 | L109: P | M109: P | N109: KALISALAK | O109: 1 | P109: 1 | Q109: 0 | R109: s | S109: 0 | T109: dp4 | U109: 1347273001 | V109: 1 | W109: null | X109: null | Y109: null | Z109: 45453 | AA109: aktif | AB109: aktif | AC109: 1 | AD109: null | AE109: null | AF109: null | AG109: null
A110: 109 | B110: 3695 | C110: MARGASARI | D110: 47273 | E110: KALISALAK | F110: 1162051 | G110: 3328012302086097 | H110: 3328012802780004 | I110: WAKHYUDIN | J110: TEGAL | K110: 28|02|1978 | L110: S | M110: L | N110: KALI SALAK | O110: 1 | P110: 1 | Q110: 0 | R110: s | S110: 0 | T110: dp4 | U110: 1347273001 | V110: 1 | W110: null | X110: null | Y110: null | Z110: 45453 | AA110: aktif | AB110: aktif | AC110: 1 | AD110: null | AE110: null | AF110: null | AG110: null
A111: 110 | B111: 3695 | C111: MARGASARI | D111: 47273 | E111: KALISALAK | F111: 1162052 | G111: 3328012302086097 | H111: 3328016708850002 | I111: EPI SUSMAWATI | J111: TEGAL | K111: 27|08|1985 | L111: S | M111: P | N111: KALI SALAK | O111: 1 | P111: 1 | Q111: 0 | R111: s | S111: 0 | T111: dp4 | U111: 1347273001 | V111: 1 | W111: null | X111: null | Y111: null | Z111: 45453 | AA111: aktif | AB111: aktif | AC111: 1 | AD111: null | AE111: null | AF111: null | AG111: null
A112: 111 | B112: 3695 | C112: MARGASARI | D112: 47273 | E112: KALISALAK | F112: 1162053 | G112: 3328012302086097 | H112: 3328016010070004 | I112: ANISA MAULA SAFITRI | J112: TEGAL | K112: 20|10|2007 | L112: B | M112: P | N112: KALI SALAK | O112: 1 | P112: 1 | Q112: 0 | R112: b | S112: 0 | T112: dp4 | U112: 1347273001 | V112: 1 | W112: null | X112: null | Y112: null | Z112: 45453 | AA112: aktif | AB112: aktif | AC112: 1 | AD112: null | AE112: null | AF112: null | AG112: null
A113: 112 | B113: 3695 | C113: MARGASARI | D113: 47273 | E113: KALISALAK | F113: 1162054 | G113: 3328012302086098 | H113: 3328011206010006 | I113: M. DIKI PRASETIO | J113: TEGAL | K113: 12|06|2001 | L113: B | M113: L | N113: KALISALAK | O113: 1 | P113: 1 | Q113: 0 | R113: s | S113: 0 | T113: dp4 | U113: 1347273001 | V113: 1 | W113: null | X113: null | Y113: null | Z113: 45453 | AA113: aktif | AB113: aktif | AC113: 1 | AD113: null | AE113: null | AF113: null | AG113: null
A114: 113 | B114: 3695 | C114: MARGASARI | D114: 47273 | E114: KALISALAK | F114: 1162055 | G114: 3328012302086098 | H114: 3328013112350080 | I114: TAKRIM | J114: TEGAL | K114: 31|12|1935 | L114: P | M114: L | N114: KALISALAK | O114: 1 | P114: 1 | Q114: 0 | R114: s | S114: 0 | T114: dp4 | U114: 1347273001 | V114: 1 | W114: null | X114: null | Y114: null | Z114: 45453 | AA114: aktif | AB114: aktif | AC114: 1 | AD114: null | AE114: null | AF114: null | AG114: null
A115: 114 | B115: 3695 | C115: MARGASARI | D115: 47273 | E115: KALISALAK | F115: 1162056 | G115: 3328012302086098 | H115: 3328015506780007 | I115: SAINAH | J115: TEGAL | K115: 15|06|1978 | L115: S | M115: P | N115: KALISALAK | O115: 1 | P115: 1 | Q115: 0 | R115: s | S115: 0 | T115: dp4 | U115: 1347273001 | V115: 1 | W115: null | X115: null | Y115: null | Z115: 45453 | AA115: aktif | AB115: aktif | AC115: 1 | AD115: null | AE115: null | AF115: null | AG115: null
A116: 115 | B116: 3695 | C116: MARGASARI | D116: 47273 | E116: KALISALAK | F116: 1162057 | G116: 3328012302086098 | H116: 3328012010770003 | I116: SLAMET RIYADI | J116: TEGAL | K116: 20|10|1977 | L116: S | M116: L | N116: KALISALAK | O116: 1 | P116: 1 | Q116: 0 | R116: s | S116: 0 | T116: dp4 | U116: 1347273001 | V116: 1 | W116: null | X116: null | Y116: null | Z116: 45453 | AA116: aktif | AB116: aktif | AC116: 1 | AD116: null | AE116: null | AF116: null | AG116: null
... A140: 139 | B140: 3695 | C140: MARGASARI | D140: 47273 | E140: KALISALAK | F140: 1162081 | G140: 3328012302088980 | H140: 3328015002000012 | I140: FEBRI INTAN LISTIANA | J140: TEGAL | K140: 10|02|2000 | L140: B | M140: P | N140: KALISALAK | O140: 1 | P140: 1 | Q140: 0 | R140: s | S140: 0 | T140: dp4 | U140: 1347273001 | V140: 1 | W140: null | X140: null | Y140: null | Z140: 45453 | AA140: aktif | AB140: aktif | AC140: 1 | AD140: null | AE140: null | AF140: null | AG140: null
A141: 140 | B141: 3695 | C141: MARGASARI | D141: 47273 | E141: KALISALAK | F141: 1162082 | G141: 3328012302088980 | H141: 3328016504070008 | I141: PRISILIA DWI LISTANIA | J141: TEGAL | K141: 25|04|2007 | L141: B | M141: P | N141: KALISALAK | O141: 1 | P141: 1 | Q141: 0 | R141: s | S141: u | T141: kemendagri | U141: 1347273001 | V141: 1 | W141: null | X141: null | Y141: null | Z141: 45541 | AA141: ubah | AB141: ubah | AC141: 4 | AD141: null | AE141: null | AF141: null | AG141: null
A142: 141 | B142: 3695 | C142: MARGASARI | D142: 47273 | E142: KALISALAK | F142: 1162083 | G142: 3328012302088980 | H142: 3328011409760002 | I142: SODLI | J142: TEGAL | K142: 14|09|1976 | L142: S | M142: L | N142: KALISALAK | O142: 1 | P142: 1 | Q142: 0 | R142: s | S142: 0 | T142: dp4 | U142: 1347273001 | V142: 1 | W142: null | X142: null | Y142: null | Z142: 45453 | AA142: aktif | AB142: aktif | AC142: 1 | AD142: null | AE142: null | AF142: null | AG142: null
A143: 142 | B143: 3695 | C143: MARGASARI | D143: 47273 | E143: KALISALAK | F143: 1162084 | G143: 3328012302088982 | H143: 3328013012020006 | I143: M. RIYAN SAPUTRA | J143: TEGAL | K143: 30|12|2002 | L143: B | M143: L | N143: KALISALAK | O143: 1 | P143: 1 | Q143: 0 | R143: s | S143: 0 | T143: dp4 | U143: 1347273001 | V143: 1 | W143: null | X143: null | Y143: null | Z143: 45453 | AA143: aktif | AB143: aktif | AC143: 1 | AD143: null | AE143: null | AF143: null | AG143: null
A144: 143 | B144: 3695 | C144: MARGASARI | D144: 47273 | E144: KALISALAK | F144: 1162085 | G144: 3328012302088982 | H144: 3328017012730011 | I144: KATIRAH | J144: TEGAL | K144: 30|12|1973 | L144: P | M144: P | N144: KALISALAK | O144: 1 | P144: 1 | Q144: 0 | R144: s | S144: 0 | T144: dp4 | U144: 1347273001 | V144: 1 | W144: null | X144: null | Y144: null | Z144: 45453 | AA144: aktif | AB144: aktif | AC144: 1 | AD144: null | AE144: null | AF144: null | AG144: null
A145: 144 | B145: 3695 | C145: MARGASARI | D145: 47273 | E145: KALISALAK | F145: 1162086 | G145: 3328012302088983 | H145: 3328015608020006 | I145: PUTRI SARI | J145: TEGAL | K145: 16|08|2002 | L145: B | M145: P | N145: KALISALAK | O145: 1 | P145: 1 | Q145: 0 | R145: s | S145: 0 | T145: dp4 | U145: 1347273001 | V145: 1 | W145: null | X145: null | Y145: null | Z145: 45453 | AA145: aktif | AB145: aktif | AC145: 1 | AD145: null | AE145: null | AF145: null | AG145: null
A146: 145 | B146: 3695 | C146: MARGASARI | D146: 47273 | E146: KALISALAK | F146: 1162087 | G146: 3328012302088983 | H146: 3328010906800004 | I146: ROPII | J146: TEGAL | K146: 09|06|1980 | L146: S | M146: L | N146: KALISALAK | O146: 1 | P146: 1 | Q146: 0 | R146: s | S146: 0 | T146: dp4 | U146: 1347273001 | V146: 1 | W146: null | X146: null | Y146: null | Z146: 45453 | AA146: aktif | AB146: aktif | AC146: 1 | AD146: null | AE146: null | AF146: null | AG146: null
A147: 146 | B147: 3695 | C147: MARGASARI | D147: 47273 | E147: KALISALAK | F147: 1162088 | G147: 3328012302088983 | H147: 3328015503770006 | I147: SARIPAH | J147: TEGAL | K147: 15|03|1977 | L147: S | M147: P | N147: KALISALAK | O147: 1 | P147: 1 | Q147: 0 | R147: s | S147: 0 | T147: dp4 | U147: 1347273001 | V147: 1 | W147: null | X147: null | Y147: null | Z147: 45453 | AA147: aktif | AB147: aktif | AC147: 1 | AD147: null | AE147: null | AF147: null | AG147: null
A148: 147 | B148: 3695 | C148: MARGASARI | D148: 47273 | E148: KALISALAK | F148: 1162089 | G148: 3328012302088985 | H148: 3328010206610003 | I148: MAHROJI | J148: TEGAL | K148: 02|06|1961 | L148: S | M148: L | N148: KALISALAK | O148: 1 | P148: 1 | Q148: 0 | R148: s | S148: 0 | T148: dp4 | U148: 1347273001 | V148: 1 | W148: null | X148: null | Y148: null | Z148: 45453 | AA148: aktif | AB148: aktif | AC148: 1 | AD148: null | AE148: null | AF148: null | AG148: null
A149: 148 | B149: 3695 | C149: MARGASARI | D149: 47273 | E149: KALISALAK | F149: 1162090 | G149: 3328012302088985 | H149: 3328014804650003 | I149: WATIKHA | J149: TEGAL | K149: 08|04|1965 | L149: S | M149: P | N149: KALISALAK | O149: 1 | P149: 1 | Q149: 0 | R149: s | S149: 0 | T149: dp4 | U149: 1347273001 | V149: 1 | W149: null | X149: null | Y149: null | Z149: 45453 | AA149: aktif | AB149: aktif | AC149: 1 | AD149: null | AE149: null | AF149: null | AG149: null
A150: 149 | B150: 3695 | C150: MARGASARI | D150: 47273 | E150: KALISALAK | F150: 1162091 | G150: 3328012302088987 | H150: 3328010604640002 | I150: TASMUDI | J150: TEGAL | K150: 06|04|1964 | L150: S | M150: L | N150: KALISALAK | O150: 1 | P150: 1 | Q150: 0 | R150: s | S150: 0 | T150: dp4 | U150: 1347273001 | V150: 1 | W150: null | X150: null | Y150: null | Z150: 45453 | AA150: aktif | AB150: aktif | AC150: 1 | AD150: null | AE150: null | AF150: null | AG150: null
A151: 150 | B151: 3695 | C151: MARGASARI | D151: 47273 | E151: KALISALAK | F151: 1162092 | G151: 3328012302088987 | H151: 3328016306690001 | I151: NIKEN KUSUMARINI | J151: TEGAL | K151: 23|06|1969 | L151: S | M151: P | N151: KALISALAK | O151: 1 | P151: 1 | Q151: 0 | R151: s | S151: 0 | T151: dp4 | U151: 1347273001 | V151: 1 | W151: null | X151: null | Y151: null | Z151: 45453 | AA151: aktif | AB151: aktif | AC151: 1 | AD151: null | AE151: null | AF151: null | AG151: null
A152: 151 | B152: 3695 | C152: MARGASARI | D152: 47273 | E152: KALISALAK | F152: 1162093 | G152: 3328012302088988 | H152: 3328011312400003 | I152: SAYAD | J152: TEGAL | K152: 13|12|1940 | L152: S | M152: L | N152: KALISALAK | O152: 1 | P152: 1 | Q152: 0 | R152: s | S152: 0 | T152: dp4 | U152: 1347273001 | V152: 1 | W152: null | X152: null | Y152: null | Z152: 45453 | AA152: aktif | AB152: aktif | AC152: 1 | AD152: null | AE152: null | AF152: null | AG152: null
A153: 152 | B153: 3695 | C153: MARGASARI | D153: 47273 | E153: KALISALAK | F153: 1162094 | G153: 3328012302088988 | H153: 3328017112450149 | I153: RAENYAH | J153: TEGAL | K153: 10|04|1945 | L153: S | M153: P | N153: KALISALAK | O153: 1 | P153: 1 | Q153: 0 | R153: s | S153: 0 | T153: dp4 | U153: 1347273001 | V153: 1 | W153: null | X153: null | Y153: null | Z153: 45453 | AA153: aktif | AB153: aktif | AC153: 1 | AD153: null | AE153: null | AF153: null | AG153: null
... A284: 283 | B284: 3695 | C284: MARGASARI | D284: 47273 | E284: KALISALAK | F284: 1162231 | G284: 3328012211120006 | H284: 3328011505760009 | I284: WAHIDIN | J284: BANDUNG | K284: 15|05|1976 | L284: S | M284: L | N284: KALISALAK | O284: 2 | P284: 1 | Q284: 0 | R284: s | S284: 0 | T284: dp4 | U284: 1347273001 | V284: 1 | W284: null | X284: null | Y284: null | Z284: 45453 | AA284: aktif | AB284: aktif | AC284: 1 | AD284: null | AE284: null | AF284: null | AG284: null
A285: 284 | B285: 3695 | C285: MARGASARI | D285: 47273 | E285: KALISALAK | F285: 1162232 | G285: 3328012211120006 | H285: 3328015107070008 | I285: VIVI YULISTIANI | J285: TEGAL | K285: 11|07|2007 | L285: B | M285: P | N285: KALISALAK | O285: 2 | P285: 1 | Q285: 0 | R285: s | S285: u | T285: kemendagri | U285: 1347273001 | V285: 1 | W285: null | X285: null | Y285: null | Z285: 45541 | AA285: ubah | AB285: ubah | AC285: 4 | AD285: null | AE285: null | AF285: null | AG285: null
A286: 285 | B286: 3695 | C286: MARGASARI | D286: 47273 | E286: KALISALAK | F286: 1162233 | G286: 3328012302086107 | H286: 3328010203740005 | I286: TRIMO | J286: TEGAL | K286: 02|03|1974 | L286: S | M286: L | N286: KALI SALAK | O286: 2 | P286: 1 | Q286: 0 | R286: s | S286: 0 | T286: dp4 | U286: 1347273001 | V286: 1 | W286: null | X286: null | Y286: null | Z286: 45453 | AA286: aktif | AB286: aktif | AC286: 1 | AD286: null | AE286: null | AF286: null | AG286: null
A287: 286 | B287: 3695 | C287: MARGASARI | D287: 47273 | E287: KALISALAK | F287: 1162234 | G287: 3328012302086107 | H287: 3328011604980009 | I287: YUDI PRASTYA | J287: TEGAL | K287: 16|04|1998 | L287: B | M287: L | N287: KALI SALAK | O287: 2 | P287: 1 | Q287: 0 | R287: s | S287: 0 | T287: dp4 | U287: 1347273001 | V287: 1 | W287: null | X287: null | Y287: null | Z287: 45453 | AA287: aktif | AB287: aktif | AC287: 1 | AD287: null | AE287: null | AF287: null | AG287: null
A288: 287 | B288: 3695 | C288: MARGASARI | D288: 47273 | E288: KALISALAK | F288: 1162235 | G288: 3328012302086107 | H288: 3328017112730034 | I288: KHOLIPAH | J288: TEGAL | K288: 31|12|1973 | L288: S | M288: P | N288: KALI SALAK | O288: 2 | P288: 1 | Q288: 0 | R288: s | S288: 0 | T288: dp4 | U288: 1347273001 | V288: 1 | W288: null | X288: null | Y288: null | Z288: 45453 | AA288: aktif | AB288: aktif | AC288: 1 | AD288: null | AE288: null | AF288: null | AG288: null
A289: 288 | B289: 3695 | C289: MARGASARI | D289: 47273 | E289: KALISALAK | F289: 1162236 | G289: 3328012302086107 | H289: 3328011702000006 | I289: RENGGA YUDA ARYA | J289: TEGAL | K289: 15|02|2000 | L289: B | M289: L | N289: KALI SALAK | O289: 2 | P289: 1 | Q289: 0 | R289: s | S289: 0 | T289: dp4 | U289: 1347273001 | V289: 1 | W289: null | X289: null | Y289: null | Z289: 45453 | AA289: aktif | AB289: aktif | AC289: 1 | AD289: null | AE289: null | AF289: null | AG289: null
A290: 289 | B290: 3695 | C290: MARGASARI | D290: 47273 | E290: KALISALAK | F290: 1162237 | G290: 3328012302089001 | H290: 3328011703990005 | I290: ABDUL HAMID | J290: TEGAL | K290: 03|02|1998 | L290: B | M290: L | N290: KALISALAK | O290: 2 | P290: 1 | Q290: 0 | R290: s | S290: 0 | T290: dp4 | U290: 1347273001 | V290: 1 | W290: null | X290: null | Y290: null | Z290: 45453 | AA290: aktif | AB290: aktif | AC290: 1 | AD290: null | AE290: null | AF290: null | AG290: null
A291: 290 | B291: 3695 | C291: MARGASARI | D291: 47273 | E291: KALISALAK | F291: 1162238 | G291: 3328012302089001 | H291: 3328017112550184 | I291: TASRIMAH | J291: TEGAL | K291: 31|12|1955 | L291: S | M291: P | N291: KALISALAK | O291: 2 | P291: 1 | Q291: 0 | R291: s | S291: 0 | T291: dp4 | U291: 1347273001 | V291: 1 | W291: null | X291: null | Y291: null | Z291: 45453 | AA291: aktif | AB291: aktif | AC291: 1 | AD291: null | AE291: null | AF291: null | AG291: null
A292: 291 | B292: 3695 | C292: MARGASARI | D292: 47273 | E292: KALISALAK | F292: 1162239 | G292: 3328012302089001 | H292: 3328010107600190 | I292: WARTONO | J292: TEGAL | K292: 01|07|1960 | L292: S | M292: L | N292: KALISALAK | O292: 2 | P292: 1 | Q292: 0 | R292: s | S292: 0 | T292: dp4 | U292: 1347273001 | V292: 1 | W292: null | X292: null | Y292: null | Z292: 45453 | AA292: aktif | AB292: aktif | AC292: 1 | AD292: null | AE292: null | AF292: null | AG292: null
A293: 292 | B293: 3695 | C293: MARGASARI | D293: 47273 | E293: KALISALAK | F293: 1162240 | G293: 3328012302089002 | H293: 3328013112320039 | I293: SUKAM | J293: TEGAL | K293: 31|12|1932 | L293: S | M293: L | N293: KALISALAK | O293: 2 | P293: 1 | Q293: 0 | R293: s | S293: 0 | T293: dp4 | U293: 1347273001 | V293: 1 | W293: null | X293: null | Y293: null | Z293: 45453 | AA293: aktif | AB293: aktif | AC293: 1 | AD293: null | AE293: null | AF293: null | AG293: null
A294: 293 | B294: 3695 | C294: MARGASARI | D294: 47273 | E294: KALISALAK | F294: 1162241 | G294: 3328012302089002 | H294: 3328017112350076 | I294: RUNTAH | J294: TEGAL | K294: 31|12|1935 | L294: S | M294: P | N294: KALISALAK | O294: 2 | P294: 1 | Q294: 0 | R294: s | S294: 0 | T294: dp4 | U294: 1347273001 | V294: 1 | W294: null | X294: null | Y294: null | Z294: 45453 | AA294: aktif | AB294: aktif | AC294: 1 | AD294: null | AE294: null | AF294: null | AG294: null
A295: 294 | B295: 3695 | C295: MARGASARI | D295: 47273 | E295: KALISALAK | F295: 1162242 | G295: 3328012307200007 | H295: 3328011505000002 | I295: RIZAL MEI RIYANTO | J295: TEGAL | K295: 15|05|2000 | L295: S | M295: L | N295: KALISALAK | O295: 2 | P295: 1 | Q295: 0 | R295: s | S295: 0 | T295: dp4 | U295: 1347273001 | V295: 1 | W295: null | X295: null | Y295: null | Z295: 45453 | AA295: aktif | AB295: aktif | AC295: 1 | AD295: null | AE295: null | AF295: null | AG295: null
A296: 295 | B296: 3695 | C296: MARGASARI | D296: 47273 | E296: KALISALAK | F296: 1162243 | G296: 3328012307200007 | H296: 3328014402010005 | I296: RITA UMAMI | J296: TEGAL | K296: 04|02|2001 | L296: S | M296: P | N296: KALISALAK | O296: 2 | P296: 1 | Q296: 0 | R296: s | S296: 0 | T296: dp4 | U296: 1347273001 | V296: 1 | W296: null | X296: null | Y296: null | Z296: 45453 | AA296: aktif | AB296: aktif | AC296: 1 | AD296: null | AE296: null | AF296: null | AG296: null
A297: 296 | B297: 3695 | C297: MARGASARI | D297: 47273 | E297: KALISALAK | F297: 1162244 | G297: 3328012402083875 | H297: 3328011010660009 | I297: SUKRIM | J297: TEGAL | K297: 10|10|1966 | L297: S | M297: L | N297: KALISALAK | O297: 2 | P297: 1 | Q297: 0 | R297: s | S297: 0 | T297: dp4 | U297: 1347273001 | V297: 1 | W297: null | X297: null | Y297: null | Z297: 45453 | AA297: aktif | AB297: aktif | AC297: 1 | AD297: null | AE297: null | AF297: null | AG297: null
... A302: 301 | B302: 3695 | C302: MARGASARI | D302: 47273 | E302: KALISALAK | F302: 1162249 | G302: 3328012402083876 | H302: 3328012112660003 | I302: TAMRI | J302: TEGAL | K302: 21|12|1966 | L302: S | M302: L | N302: KALISALAK | O302: 2 | P302: 1 | Q302: 0 | R302: s | S302: 0 | T302: dp4 | U302: 1347273001 | V302: 1 | W302: null | X302: null | Y302: null | Z302: 45453 | AA302: aktif | AB302: aktif | AC302: 1 | AD302: null | AE302: null | AF302: null | AG302: null
A303: 302 | B303: 3695 | C303: MARGASARI | D303: 47273 | E303: KALISALAK | F303: 1162250 | G303: 3328012402083876 | H303: 3328015009020004 | I303: AMILATUL NASIBAH | J303: TEGAL | K303: 10|09|2002 | L303: B | M303: P | N303: KALISALAK | O303: 2 | P303: 1 | Q303: 0 | R303: s | S303: u | T303: kemendagri | U303: 1347273001 | V303: 1 | W303: null | X303: null | Y303: null | Z303: 45540 | AA303: ubah | AB303: ubah | AC303: 4 | AD303: null | AE303: null | AF303: null | AG303: null
A304: 303 | B304: 3695 | C304: MARGASARI | D304: 47273 | E304: KALISALAK | F304: 1162251 | G304: 3328012402083877 | H304: 3328012302740002 | I304: KASIRIN | J304: TEGAL | K304: 23|02|1974 | L304: S | M304: L | N304: DESA KALISALAK | O304: 2 | P304: 1 | Q304: 0 | R304: s | S304: 0 | T304: dp4 | U304: 1347273001 | V304: 1 | W304: null | X304: null | Y304: null | Z304: 45453 | AA304: aktif | AB304: aktif | AC304: 1 | AD304: null | AE304: null | AF304: null | AG304: null
A305: 304 | B305: 3695 | C305: MARGASARI | D305: 47273 | E305: KALISALAK | F305: 1162252 | G305: 3328012402083877 | H305: 3328015108820004 | I305: SUPRIYATI | J305: TEGAL | K305: 11|08|1982 | L305: S | M305: P | N305: DESA KALISALAK | O305: 2 | P305: 1 | Q305: 0 | R305: s | S305: 0 | T305: dp4 | U305: 1347273001 | V305: 1 | W305: null | X305: null | Y305: null | Z305: 45453 | AA305: aktif | AB305: aktif | AC305: 1 | AD305: null | AE305: null | AF305: null | AG305: null
A306: 305 | B306: 3695 | C306: MARGASARI | D306: 47273 | E306: KALISALAK | F306: 1162253 | G306: 3328012402083877 | H306: 3328012410060008 | I306: KHAERUL FAJRI FITRIANSYAH | J306: TEGAL | K306: 24|10|2006 | L306: B | M306: L | N306: DESA KALISALAK | O306: 2 | P306: 1 | Q306: 0 | R306: s | S306: 0 | T306: dp4 | U306: 1347273001 | V306: 1 | W306: null | X306: null | Y306: null | Z306: 45453 | AA306: aktif | AB306: aktif | AC306: 1 | AD306: null | AE306: null | AF306: null | AG306: null
A307: 306 | B307: 3695 | C307: MARGASARI | D307: 47273 | E307: KALISALAK | F307: 1162254 | G307: 3328012402083878 | H307: 3328017112610088 | I307: WATIAH | J307: TEGAL | K307: 31|12|1961 | L307: S | M307: P | N307: KALISALAK | O307: 2 | P307: 1 | Q307: 0 | R307: s | S307: 0 | T307: dp4 | U307: 1347273001 | V307: 1 | W307: null | X307: null | Y307: null | Z307: 45453 | AA307: aktif | AB307: aktif | AC307: 1 | AD307: null | AE307: null | AF307: null | AG307: null
A308: 307 | B308: 3695 | C308: MARGASARI | D308: 47273 | E308: KALISALAK | F308: 1162255 | G308: 3328012402083878 | H308: 3328011601880001 | I308: MOHAMAD RIKI | J308: TEGAL | K308: 16|11|1987 | L308: B | M308: L | N308: KALISALAK | O308: 2 | P308: 1 | Q308: 0 | R308: s | S308: 0 | T308: dp4 | U308: 1347273001 | V308: 1 | W308: null | X308: null | Y308: null | Z308: 45453 | AA308: aktif | AB308: aktif | AC308: 1 | AD308: null | AE308: null | AF308: null | AG308: null
A309: 308 | B309: 3695 | C309: MARGASARI | D309: 47273 | E309: KALISALAK | F309: 1162256 | G309: 3328012402083878 | H309: 3328013112600177 | I309: KODIM | J309: TEGAL | K309: 31|12|1960 | L309: S | M309: L | N309: KALISALAK | O309: 2 | P309: 1 | Q309: 0 | R309: s | S309: 0 | T309: dp4 | U309: 1347273001 | V309: 1 | W309: null | X309: null | Y309: null | Z309: 45453 | AA309: aktif | AB309: aktif | AC309: 1 | AD309: null | AE309: null | AF309: null | AG309: null
A310: 309 | B310: 3695 | C310: MARGASARI | D310: 47273 | E310: KALISALAK | F310: 1162257 | G310: 3328012402083884 | H310: 3328015312480001 | I310: DAWINAH | J310: TEGAL | K310: 13|12|1948 | L310: P | M310: P | N310: DESA KALISALAK | O310: 2 | P310: 1 | Q310: 0 | R310: s | S310: 0 | T310: dp4 | U310: 1347273001 | V310: 1 | W310: null | X310: null | Y310: null | Z310: 45453 | AA310: aktif | AB310: aktif | AC310: 1 | AD310: null | AE310: null | AF310: null | AG310: null
A311: 310 | B311: 3695 | C311: MARGASARI | D311: 47273 | E311: KALISALAK | F311: 1162258 | G311: 3328012402083885 | H311: 3328011801690001 | I311: M. ROIS | J311: TEGAL | K311: 18|01|1969 | L311: S | M311: L | N311: KALISALAK | O311: 2 | P311: 1 | Q311: 0 | R311: s | S311: 0 | T311: dp4 | U311: 1347273001 | V311: 1 | W311: null | X311: null | Y311: null | Z311: 45453 | AA311: aktif | AB311: aktif | AC311: 1 | AD311: null | AE311: null | AF311: null | AG311: null
A312: 311 | B312: 3695 | C312: MARGASARI | D312: 47273 | E312: KALISALAK | F312: 1162259 | G312: 3328012402083885 | H312: 3328015909780003 | I312: TAROPATUN | J312: TEGAL | K312: 19|09|1978 | L312: S | M312: P | N312: KALISALAK | O312: 2 | P312: 1 | Q312: 0 | R312: s | S312: 0 | T312: dp4 | U312: 1347273001 | V312: 1 | W312: null | X312: null | Y312: null | Z312: 45453 | AA312: aktif | AB312: aktif | AC312: 1 | AD312: null | AE312: null | AF312: null | AG312: null
A313: 312 | B313: 3695 | C313: MARGASARI | D313: 47273 | E313: KALISALAK | F313: 1162260 | G313: 3328012402083887 | H313: 3328017112540088 | I313: CARSIAH | J313: TEGAL | K313: 31|12|1954 | L313: S | M313: P | N313: KALISALAK | O313: 2 | P313: 1 | Q313: 0 | R313: s | S313: 0 | T313: dp4 | U313: 1347273001 | V313: 1 | W313: null | X313: null | Y313: null | Z313: 45453 | AA313: aktif | AB313: aktif | AC313: 1 | AD313: null | AE313: null | AF313: null | AG313: null
A314: 313 | B314: 3695 | C314: MARGASARI | D314: 47273 | E314: KALISALAK | F314: 1162261 | G314: 3328012402083889 | H314: 3328017112470107 | I314: SUNIAH | J314: TEGAL | K314: 31|12|1947 | L314: P | M314: P | N314: KALISALAK | O314: 2 | P314: 1 | Q314: 0 | R314: s | S314: 0 | T314: dp4 | U314: 1347273001 | V314: 1 | W314: null | X314: null | Y314: null | Z314: 45453 | AA314: aktif | AB314: aktif | AC314: 1 | AD314: null | AE314: null | AF314: null | AG314: null
A315: 314 | B315: 3695 | C315: MARGASARI | D315: 47273 | E315: KALISALAK | F315: 1162262 | G315: 3328012402083889 | H315: 3328011808750001 | I315: ROPADI | J315: TEGAL | K315: 18|08|1975 | L315: S | M315: L | N315: KALISALAK | O315: 2 | P315: 1 | Q315: 0 | R315: s | S315: 0 | T315: dp4 | U315: 1347273001 | V315: 1 | W315: null | X315: null | Y315: null | Z315: 45453 | AA315: aktif | AB315: aktif | AC315: 1 | AD315: null | AE315: null | AF315: null | AG315: null
... A505: 504 | B505: 3695 | C505: MARGASARI | D505: 47273 | E505: KALISALAK | F505: 1162457 | G505: 3328012302087713 | H505: 3328011104790002 | I505: SUPARTO | J505: TEGAL | K505: 11|04|1979 | L505: S | M505: L | N505: KALISALAK | O505: 3 | P505: 1 | Q505: 0 | R505: s | S505: 0 | T505: dp4 | U505: 1347273001 | V505: 1 | W505: null | X505: null | Y505: null | Z505: 45453 | AA505: aktif | AB505: aktif | AC505: 1 | AD505: null | AE505: null | AF505: null | AG505: null
A506: 505 | B506: 3695 | C506: MARGASARI | D506: 47273 | E506: KALISALAK | F506: 1162458 | G506: 3328012302087713 | H506: 3328016004070004 | I506: MUJA PRATIWI | J506: TEGAL | K506: 20|04|2007 | L506: B | M506: P | N506: KALISALAK | O506: 3 | P506: 1 | Q506: 0 | R506: s | S506: u | T506: kemendagri | U506: 1347273001 | V506: 1 | W506: null | X506: null | Y506: null | Z506: 45541 | AA506: ubah | AB506: ubah | AC506: 4 | AD506: null | AE506: null | AF506: null | AG506: null
A507: 506 | B507: 3695 | C507: MARGASARI | D507: 47273 | E507: KALISALAK | F507: 1162459 | G507: 3328012302087964 | H507: 3328011705970004 | I507: ARI PUTRA UTAMA | J507: TEGAL | K507: 17|05|1997 | L507: B | M507: L | N507: KALISALAK | O507: 3 | P507: 1 | Q507: 0 | R507: s | S507: 0 | T507: dp4 | U507: 1347273001 | V507: 1 | W507: null | X507: null | Y507: null | Z507: 45453 | AA507: aktif | AB507: aktif | AC507: 1 | AD507: null | AE507: null | AF507: null | AG507: null
A508: 507 | B508: 3695 | C508: MARGASARI | D508: 47273 | E508: KALISALAK | F508: 1162460 | G508: 3328012302087964 | H508: 3328014403790007 | I508: KHOLIFATUN | J508: TEGAL | K508: 04|03|1979 | L508: S | M508: P | N508: KALISALAK | O508: 3 | P508: 1 | Q508: 0 | R508: s | S508: 0 | T508: dp4 | U508: 1347273001 | V508: 1 | W508: null | X508: null | Y508: null | Z508: 45453 | AA508: aktif | AB508: aktif | AC508: 1 | AD508: null | AE508: null | AF508: null | AG508: null
A509: 508 | B509: 3695 | C509: MARGASARI | D509: 47273 | E509: KALISALAK | F509: 1162461 | G509: 3328012302087964 | H509: 3328011906760007 | I509: WARJONO | J509: TEGAL | K509: 19|06|1976 | L509: S | M509: L | N509: KALISALAK | O509: 3 | P509: 1 | Q509: 0 | R509: s | S509: 0 | T509: dp4 | U509: 1347273001 | V509: 1 | W509: null | X509: null | Y509: null | Z509: 45453 | AA509: aktif | AB509: aktif | AC509: 1 | AD509: null | AE509: null | AF509: null | AG509: null
A510: 509 | B510: 3695 | C510: MARGASARI | D510: 47273 | E510: KALISALAK | F510: 1162462 | G510: 3328012302087965 | H510: 3328015707760006 | I510: WAMROATUN | J510: TEGAL | K510: 17|07|1976 | L510: S | M510: P | N510: KALISALAK | O510: 3 | P510: 1 | Q510: 0 | R510: s | S510: 0 | T510: dp4 | U510: 1347273001 | V510: 1 | W510: null | X510: null | Y510: null | Z510: 45453 | AA510: aktif | AB510: aktif | AC510: 1 | AD510: null | AE510: null | AF510: null | AG510: null
A511: 510 | B511: 3695 | C511: MARGASARI | D511: 47273 | E511: KALISALAK | F511: 1162463 | G511: 3328012302087966 | H511: 3328017112550173 | I511: KORIYAH | J511: TEGAL | K511: 31|12|1950 | L511: P | M511: P | N511: KALISALAK | O511: 3 | P511: 1 | Q511: 0 | R511: s | S511: 0 | T511: dp4 | U511: 1347273001 | V511: 1 | W511: null | X511: null | Y511: null | Z511: 45453 | AA511: aktif | AB511: aktif | AC511: 1 | AD511: null | AE511: null | AF511: null | AG511: null
A512: 511 | B512: 3695 | C512: MARGASARI | D512: 47273 | E512: KALISALAK | F512: 1162464 | G512: 3328012302087968 | H512: 3328015612790004 | I512: SAMROTUN | J512: TEGAL | K512: 16|12|1979 | L512: S | M512: P | N512: KALISALAK | O512: 3 | P512: 1 | Q512: 0 | R512: s | S512: 0 | T512: dp4 | U512: 1347273001 | V512: 1 | W512: null | X512: null | Y512: null | Z512: 45453 | AA512: aktif | AB512: aktif | AC512: 1 | AD512: null | AE512: null | AF512: null | AG512: null
A513: 512 | B513: 3695 | C513: MARGASARI | D513: 47273 | E513: KALISALAK | F513: 1162465 | G513: 3328012302087968 | H513: 3328017112450203 | I513: MARYATI | J513: TEGAL | K513: 31|12|1945 | L513: P | M513: P | N513: KALISALAK | O513: 3 | P513: 1 | Q513: 0 | R513: s | S513: 0 | T513: dp4 | U513: 1347273001 | V513: 1 | W513: null | X513: null | Y513: null | Z513: 45453 | AA513: aktif | AB513: aktif | AC513: 1 | AD513: null | AE513: null | AF513: null | AG513: null
A514: 513 | B514: 3695 | C514: MARGASARI | D514: 47273 | E514: KALISALAK | F514: 1162466 | G514: 3328012302087968 | H514: 3328010102020006 | I514: DIDI WIHARTO | J514: TEGAL | K514: 01|02|2002 | L514: B | M514: L | N514: KALISALAK | O514: 3 | P514: 1 | Q514: 0 | R514: s | S514: 0 | T514: dp4 | U514: 1347273001 | V514: 1 | W514: null | X514: null | Y514: null | Z514: 45453 | AA514: aktif | AB514: aktif | AC514: 1 | AD514: null | AE514: null | AF514: null | AG514: null
A515: 514 | B515: 3695 | C515: MARGASARI | D515: 47273 | E515: KALISALAK | F515: 1162467 | G515: 3328012302087968 | H515: 3328012810690002 | I515: DARYONO | J515: TEGAL | K515: 28|10|1969 | L515: S | M515: L | N515: KALISALAK | O515: 3 | P515: 1 | Q515: 0 | R515: s | S515: 0 | T515: dp4 | U515: 1347273001 | V515: 1 | W515: null | X515: null | Y515: null | Z515: 45453 | AA515: aktif | AB515: aktif | AC515: 1 | AD515: null | AE515: null | AF515: null | AG515: null
A516: 515 | B516: 3695 | C516: MARGASARI | D516: 47273 | E516: KALISALAK | F516: 1162468 | G516: 3328012302087969 | H516: 3328011803630001 | I516: FATKHURI | J516: TEGAL | K516: 18|03|1971 | L516: S | M516: L | N516: KALISALAK | O516: 3 | P516: 1 | Q516: 0 | R516: s | S516: 0 | T516: dp4 | U516: 1347273001 | V516: 1 | W516: null | X516: null | Y516: null | Z516: 45453 | AA516: aktif | AB516: aktif | AC516: 1 | AD516: null | AE516: null | AF516: null | AG516: null
A517: 516 | B517: 3695 | C517: MARGASARI | D517: 47273 | E517: KALISALAK | F517: 1162469 | G517: 3328012302087969 | H517: 3328016402630003 | I517: SUAENI | J517: TEGAL | K517: 24|02|1963 | L517: S | M517: P | N517: KALISALAK | O517: 3 | P517: 1 | Q517: 0 | R517: s | S517: 0 | T517: dp4 | U517: 1347273001 | V517: 1 | W517: null | X517: null | Y517: null | Z517: 45453 | AA517: aktif | AB517: aktif | AC517: 1 | AD517: null | AE517: null | AF517: null | AG517: null
A518: 517 | B518: 3695 | C518: MARGASARI | D518: 47273 | E518: KALISALAK | F518: 1162470 | G518: 3328012302087971 | H518: 3328013112520103 | I518: DARSIDIN | J518: TEGAL | K518: 31|12|1952 | L518: S | M518: L | N518: KALISALAK | O518: 3 | P518: 1 | Q518: 0 | R518: s | S518: 0 | T518: dp4 | U518: 1347273001 | V518: 1 | W518: null | X518: null | Y518: null | Z518: 45453 | AA518: aktif | AB518: aktif | AC518: 1 | AD518: null | AE518: null | AF518: null | AG518: null
... A536: 535 | B536: 3695 | C536: MARGASARI | D536: 47273 | E536: KALISALAK | F536: 1162491 | G536: 3328012402080871 | H536: 3328013112680065 | I536: SUYONO | J536: TEGAL | K536: 10|04|1969 | L536: S | M536: L | N536: KALISALAK | O536: 3 | P536: 1 | Q536: 0 | R536: s | S536: 0 | T536: dp4 | U536: 1347273002 | V536: 2 | W536: null | X536: null | Y536: null | Z536: 45453 | AA536: aktif | AB536: aktif | AC536: 1 | AD536: null | AE536: null | AF536: null | AG536: null
A537: 536 | B537: 3695 | C537: MARGASARI | D537: 47273 | E537: KALISALAK | F537: 1162492 | G537: 3328012402080871 | H537: 3328010505930007 | I537: MUHAMMAD KHAERUL ANAM | J537: TEGAL | K537: 05|05|1993 | L537: S | M537: L | N537: KALISALAK | O537: 3 | P537: 1 | Q537: 0 | R537: s | S537: u | T537: coklit | U537: 1347273002 | V537: 2 | W537: null | X537: null | Y537: null | Z537: 45497 | AA537: ubah | AB537: ubah | AC537: 2 | AD537: null | AE537: null | AF537: null | AG537: null
A538: 537 | B538: 3695 | C538: MARGASARI | D538: 47273 | E538: KALISALAK | F538: 1162493 | G538: 3328012402080872 | H538: 3328017112640109 | I538: KARNITI | J538: TEGAL | K538: 31|12|1964 | L538: P | M538: P | N538: KALISALAK | O538: 3 | P538: 1 | Q538: 0 | R538: s | S538: 0 | T538: dp4 | U538: 1347273002 | V538: 2 | W538: null | X538: null | Y538: null | Z538: 45453 | AA538: aktif | AB538: aktif | AC538: 1 | AD538: null | AE538: null | AF538: null | AG538: null
A539: 538 | B539: 3695 | C539: MARGASARI | D539: 47273 | E539: KALISALAK | F539: 1162494 | G539: 3328012402083888 | H539: 3328016307840002 | I539: SITI ROYANI | J539: TEGAL | K539: 23|07|1984 | L539: S | M539: P | N539: KALISALAK | O539: 3 | P539: 1 | Q539: 0 | R539: s | S539: 0 | T539: dp4 | U539: 1347273002 | V539: 2 | W539: null | X539: null | Y539: null | Z539: 45453 | AA539: aktif | AB539: aktif | AC539: 1 | AD539: null | AE539: null | AF539: null | AG539: null
A540: 539 | B540: 3695 | C540: MARGASARI | D540: 47273 | E540: KALISALAK | F540: 1162495 | G540: 3328012402083888 | H540: 3328015605050006 | I540: EKA PUSPITASARI | J540: TEGAL | K540: 16|05|2005 | L540: B | M540: P | N540: KALISALAK | O540: 3 | P540: 1 | Q540: 0 | R540: s | S540: 0 | T540: dp4 | U540: 1347273002 | V540: 2 | W540: null | X540: null | Y540: null | Z540: 45453 | AA540: aktif | AB540: aktif | AC540: 1 | AD540: null | AE540: null | AF540: null | AG540: null
A541: 540 | B541: 3695 | C541: MARGASARI | D541: 47273 | E541: KALISALAK | F541: 1162496 | G541: 3328012402083888 | H541: 3328010101830012 | I541: ROSIDIN | J541: TEGAL | K541: 01|01|1983 | L541: S | M541: L | N541: KALISALAK | O541: 3 | P541: 1 | Q541: 0 | R541: s | S541: 0 | T541: dp4 | U541: 1347273002 | V541: 2 | W541: null | X541: null | Y541: null | Z541: 45453 | AA541: aktif | AB541: aktif | AC541: 1 | AD541: null | AE541: null | AF541: null | AG541: null
A542: 541 | B542: 3695 | C542: MARGASARI | D542: 47273 | E542: KALISALAK | F542: 1162497 | G542: 3328012402084159 | H542: 3328010510980007 | I542: RENALDI SETIAWAN | J542: TEGAL | K542: 05|10|1998 | L542: B | M542: L | N542: KALISALAK | O542: 3 | P542: 1 | Q542: 0 | R542: s | S542: 0 | T542: dp4 | U542: 1347273002 | V542: 2 | W542: null | X542: null | Y542: null | Z542: 45453 | AA542: aktif | AB542: aktif | AC542: 1 | AD542: null | AE542: null | AF542: null | AG542: null
A543: 542 | B543: 3695 | C543: MARGASARI | D543: 47273 | E543: KALISALAK | F543: 1162498 | G543: 3328012402084159 | H543: 3328010306640001 | I543: DARSIDIN | J543: TEGAL | K543: 03|06|1964 | L543: S | M543: L | N543: KALISALAK | O543: 3 | P543: 1 | Q543: 0 | R543: s | S543: 0 | T543: dp4 | U543: 1347273002 | V543: 2 | W543: null | X543: null | Y543: null | Z543: 45453 | AA543: aktif | AB543: aktif | AC543: 1 | AD543: null | AE543: null | AF543: null | AG543: null
A544: 543 | B544: 3695 | C544: MARGASARI | D544: 47273 | E544: KALISALAK | F544: 1162499 | G544: 3328012402084159 | H544: 3328015507690005 | I544: JUHROTUN | J544: TEGAL | K544: 15|07|1969 | L544: S | M544: P | N544: KALISALAK | O544: 3 | P544: 1 | Q544: 0 | R544: s | S544: 0 | T544: dp4 | U544: 1347273002 | V544: 2 | W544: null | X544: null | Y544: null | Z544: 45453 | AA544: aktif | AB544: aktif | AC544: 1 | AD544: null | AE544: null | AF544: null | AG544: null
A545: 544 | B545: 3695 | C545: MARGASARI | D545: 47273 | E545: KALISALAK | F545: 1162500 | G545: 3328012402084613 | H545: 3328010505780005 | I545: SAKRODI | J545: TEGAL | K545: 05|05|1978 | L545: S | M545: L | N545: KALISALAK | O545: 3 | P545: 1 | Q545: 0 | R545: s | S545: 0 | T545: dp4 | U545: 1347273002 | V545: 2 | W545: null | X545: null | Y545: null | Z545: 45453 | AA545: aktif | AB545: aktif | AC545: 1 | AD545: null | AE545: null | AF545: null | AG545: null
A546: 545 | B546: 3695 | C546: MARGASARI | D546: 47273 | E546: KALISALAK | F546: 1162501 | G546: 3328012402084613 | H546: 3328014605820003 | I546: SUAEBAH | J546: TEGAL | K546: 06|05|1982 | L546: S | M546: P | N546: KALISALAK | O546: 3 | P546: 1 | Q546: 0 | R546: s | S546: 0 | T546: dp4 | U546: 1347273002 | V546: 2 | W546: null | X546: null | Y546: null | Z546: 45453 | AA546: aktif | AB546: aktif | AC546: 1 | AD546: null | AE546: null | AF546: null | AG546: null
A547: 546 | B547: 3695 | C547: MARGASARI | D547: 47273 | E547: KALISALAK | F547: 1162502 | G547: 3328012402084613 | H547: 3328015504010004 | I547: HIBBATUL MAGHFIROH | J547: TEGAL | K547: 15|04|2001 | L547: B | M547: P | N547: KALISALAK | O547: 3 | P547: 1 | Q547: 0 | R547: s | S547: 0 | T547: dp4 | U547: 1347273002 | V547: 2 | W547: null | X547: null | Y547: null | Z547: 45453 | AA547: aktif | AB547: aktif | AC547: 1 | AD547: null | AE547: null | AF547: null | AG547: null
A548: 547 | B548: 3695 | C548: MARGASARI | D548: 47273 | E548: KALISALAK | F548: 1162503 | G548: 3328012402084613 | H548: 3328016010060004 | I548: MUSTIKA DWI OKTAVIAN | J548: TEGAL | K548: 27|10|2006 | L548: B | M548: P | N548: KALISALAK | O548: 3 | P548: 1 | Q548: 0 | R548: s | S548: 0 | T548: dp4 | U548: 1347273002 | V548: 2 | W548: null | X548: null | Y548: null | Z548: 45453 | AA548: aktif | AB548: aktif | AC548: 1 | AD548: null | AE548: null | AF548: null | AG548: null
A549: 548 | B549: 3695 | C549: MARGASARI | D549: 47273 | E549: KALISALAK | F549: 1162504 | G549: 3328012405110005 | H549: 3328010101850011 | I549: MASKURI | J549: TEGAL | K549: 01|01|1985 | L549: S | M549: L | N549: KALISALAK | O549: 3 | P549: 1 | Q549: 0 | R549: s | S549: 0 | T549: dp4 | U549: 1347273002 | V549: 2 | W549: null | X549: null | Y549: null | Z549: 45453 | AA549: aktif | AB549: aktif | AC549: 1 | AD549: null | AE549: null | AF549: null | AG549: null
... A577: 576 | B577: 3695 | C577: MARGASARI | D577: 47273 | E577: KALISALAK | F577: 1162532 | G577: 3174091308100061 | H577: 3174031909860001 | I577: SUTIGNO | J577: TEGAL | K577: 19|09|1986 | L577: S | M577: L | N577: KALISALAK | O577: 1 | P577: 2 | Q577: 0 | R577: s | S577: 0 | T577: dp4 | U577: 1347273002 | V577: 2 | W577: null | X577: null | Y577: null | Z577: 45453 | AA577: aktif | AB577: aktif | AC577: 1 | AD577: null | AE577: null | AF577: null | AG577: null
A578: 577 | B578: 3695 | C578: MARGASARI | D578: 47273 | E578: KALISALAK | F578: 1162533 | G578: 3202200607180002 | H578: 3328011302900006 | I578: IMAWAN AL IHFANI | J578: TEGAL | K578: 13|02|1990 | L578: P | M578: L | N578: KALISALAK | O578: 1 | P578: 2 | Q578: 0 | R578: s | S578: u | T578: coklit | U578: 1347273002 | V578: 2 | W578: null | X578: null | Y578: null | Z578: 45497 | AA578: ubah | AB578: ubah | AC578: 2 | AD578: null | AE578: null | AF578: null | AG578: null
A579: 578 | B579: 3695 | C579: MARGASARI | D579: 47273 | E579: KALISALAK | F579: 1162534 | G579: 3328010105120016 | H579: 3328016207860004 | I579: NINING KURNAESIH | J579: TEGAL | K579: 22|07|1986 | L579: S | M579: P | N579: KALISALAK | O579: 1 | P579: 2 | Q579: 0 | R579: s | S579: 0 | T579: dp4 | U579: 1347273002 | V579: 2 | W579: null | X579: null | Y579: null | Z579: 45453 | AA579: aktif | AB579: aktif | AC579: 1 | AD579: null | AE579: null | AF579: null | AG579: null
...

Sheet DATA DPK
A1: NO | B1: NKK | C1: NIK | D1: NAMA | E1: TEMPAT LAHIR | F1: KELAMIN | G1: ALAMAT | H1: TPS | I1: ALAMAT TPS
A2: 1 | B2: 2 | C2: 3 | D2: 4 | E2: 5 | F2: 6 | G2: 7 | H2: 8 | I2: 9
A3: 1 | B3: 3311111605170002 | C3: 3328011005960006 | D3: ARIFIN | E3: Tegal, | F3: Laki - laki | G3: Kalisalak Rt. Rw. | H3: 1 | I3: =IF(H3=1,"Depan Rumah Bp.Tamri",IF(H3=2,"Lapangan Volly",IF(H3=3,"Halaman MI NU 01 Kalisalak",IF(H3=4,"Halaman Rumah Ibu Rikhanah",IF(H3=5,"Halaman Rumah Alm. Bp. Ust. Sukhari",IF(H3=6,"Halaman Musholla Baitul Muhajirin",IF(H3=7,"Depan Musholla Al Athar",IF(H3=8,"MI Nurul Huda Kalisalak",IF(H3=9,"Halaman Musholla Baitul Muttaqin",IF(H3=10,"Halaman Rumah Bp. Sonhaji",IF(H3=11,"Halaman Bp.Priyadi Ibu Munawaroh",IF(H3=12,"Halaman Rumah Ibu Nurhayati Bp.Usd. Piing (Alm)",IF(H3=13,"Halaman SDN Kalisalak 03",IF(H3=14,"Halaman Musholla Baitul Marwah",0)))))))))))))) -> Depan Rumah Bp.Tamri
A4: 2 | B4: 3311111605170002 | C4: 3328015312950006 | D4: WASRIPAH | E4: Tegal, | F4: Perempuan | G4: Kalisalak Rt. Rw. | H4: 2 | I4: =IF(H4=1,"Depan Rumah Bp.Tamri",IF(H4=2,"Lapangan Volly",IF(H4=3,"Halaman MI NU 01 Kalisalak",IF(H4=4,"Halaman Rumah Ibu Rikhanah",IF(H4=5,"Halaman Rumah Alm. Bp. Ust. Sukhari",IF(H4=6,"Halaman Musholla Baitul Muhajirin",IF(H4=7,"Depan Musholla Al Athar",IF(H4=8,"MI Nurul Huda Kalisalak",IF(H4=9,"Halaman Musholla Baitul Muttaqin",IF(H4=10,"Halaman Rumah Bp. Sonhaji",IF(H4=11,"Halaman Bp.Priyadi Ibu Munawaroh",IF(H4=12,"Halaman Rumah Ibu Nurhayati Bp.Usd. Piing (Alm)",IF(H4=13,"Halaman SDN Kalisalak 03",IF(H4=14,"Halaman Musholla Baitul Marwah",0)))))))))))))) -> Lapangan Volly
A5: 3 | B5: 3328010201150003 | C5: 3328016203870002 | D5: DEWI PURWANTI | E5: Tegal, | F5: Laki - laki | G5: Kalisalak Rt. Rw. | H5: 3 | I5: =IF(H5=1,"Depan Rumah Bp.Tamri",IF(H5=2,"Lapangan Volly",IF(H5=3,"Halaman MI NU 01 Kalisalak",IF(H5=4,"Halaman Rumah Ibu Rikhanah",IF(H5=5,"Halaman Rumah Alm. Bp. Ust. Sukhari",IF(H5=6,"Halaman Musholla Baitul Muhajirin",IF(H5=7,"Depan Musholla Al Athar",IF(H5=8,"MI Nurul Huda Kalisalak",IF(H5=9,"Halaman Musholla Baitul Muttaqin",IF(H5=10,"Halaman Rumah Bp. Sonhaji",IF(H5=11,"Halaman Bp.Priyadi Ibu Munawaroh",IF(H5=12,"Halaman Rumah Ibu Nurhayati Bp.Usd. Piing (Alm)",IF(H5=13,"Halaman SDN Kalisalak 03",IF(H5=14,"Halaman Musholla Baitul Marwah",0)))))))))))))) -> Halaman MI NU 01 Kalisalak
A6: 4 | B6: 3328010201150003 | C6: 3328012306830006 | D6: SOFYAN SAHURI | E6: Tegal, | F6: Perempuan | G6: Kalisalak Rt. Rw. | H6: 4 | I6: =IF(H6=1,"Depan Rumah Bp.Tamri",IF(H6=2,"Lapangan Volly",IF(H6=3,"Halaman MI NU 01 Kalisalak",IF(H6=4,"Halaman Rumah Ibu Rikhanah",IF(H6=5,"Halaman Rumah Alm. Bp. Ust. Sukhari",IF(H6=6,"Halaman Musholla Baitul Muhajirin",IF(H6=7,"Depan Musholla Al Athar",IF(H6=8,"MI Nurul Huda Kalisalak",IF(H6=9,"Halaman Musholla Baitul Muttaqin",IF(H6=10,"Halaman Rumah Bp. Sonhaji",IF(H6=11,"Halaman Bp.Priyadi Ibu Munawaroh",IF(H6=12,"Halaman Rumah Ibu Nurhayati Bp.Usd. Piing (Alm)",IF(H6=13,"Halaman SDN Kalisalak 03",IF(H6=14,"Halaman Musholla Baitul Marwah",0)))))))))))))) -> Halaman Rumah Ibu Rikhanah
A7: 5 | E7: Tegal, | F7: Laki - laki | G7: Kalisalak Rt. Rw. | H7: 5 | I7: =IF(H7=1,"Depan Rumah Bp.Tamri",IF(H7=2,"Lapangan Volly",IF(H7=3,"Halaman MI NU 01 Kalisalak",IF(H7=4,"Halaman Rumah Ibu Rikhanah",IF(H7=5,"Halaman Rumah Alm. Bp. Ust. Sukhari",IF(H7=6,"Halaman Musholla Baitul Muhajirin",IF(H7=7,"Depan Musholla Al Athar",IF(H7=8,"MI Nurul Huda Kalisalak",IF(H7=9,"Halaman Musholla Baitul Muttaqin",IF(H7=10,"Halaman Rumah Bp. Sonhaji",IF(H7=11,"Halaman Bp.Priyadi Ibu Munawaroh",IF(H7=12,"Halaman Rumah Ibu Nurhayati Bp.Usd. Piing (Alm)",IF(H7=13,"Halaman SDN Kalisalak 03",IF(H7=14,"Halaman Musholla Baitul Marwah",0)))))))))))))) -> Halaman Rumah Alm. Bp. Ust. Sukhari
A8: 6 | E8: Tegal, | F8: Perempuan | G8: Kalisalak Rt. Rw. | H8: 6 | I8: =IF(H8=1,"Depan Rumah Bp.Tamri",IF(H8=2,"Lapangan Volly",IF(H8=3,"Halaman MI NU 01 Kalisalak",IF(H8=4,"Halaman Rumah Ibu Rikhanah",IF(H8=5,"Halaman Rumah Alm. Bp. Ust. Sukhari",IF(H8=6,"Halaman Musholla Baitul Muhajirin",IF(H8=7,"Depan Musholla Al Athar",IF(H8=8,"MI Nurul Huda Kalisalak",IF(H8=9,"Halaman Musholla Baitul Muttaqin",IF(H8=10,"Halaman Rumah Bp. Sonhaji",IF(H8=11,"Halaman Bp.Priyadi Ibu Munawaroh",IF(H8=12,"Halaman Rumah Ibu Nurhayati Bp.Usd. Piing (Alm)",IF(H8=13,"Halaman SDN Kalisalak 03",IF(H8=14,"Halaman Musholla Baitul Marwah",0)))))))))))))) -> Halaman Musholla Baitul Muhajirin
A9: 7 | E9: Tegal, | F9: Laki - laki | G9: Kalisalak Rt. Rw. | H9: 7 | I9: =IF(H9=1,"Depan Rumah Bp.Tamri",IF(H9=2,"Lapangan Volly",IF(H9=3,"Halaman MI NU 01 Kalisalak",IF(H9=4,"Halaman Rumah Ibu Rikhanah",IF(H9=5,"Halaman Rumah Alm. Bp. Ust. Sukhari",IF(H9=6,"Halaman Musholla Baitul Muhajirin",IF(H9=7,"Depan Musholla Al Athar",IF(H9=8,"MI Nurul Huda Kalisalak",IF(H9=9,"Halaman Musholla Baitul Muttaqin",IF(H9=10,"Halaman Rumah Bp. Sonhaji",IF(H9=11,"Halaman Bp.Priyadi Ibu Munawaroh",IF(H9=12,"Halaman Rumah Ibu Nurhayati Bp.Usd. Piing (Alm)",IF(H9=13,"Halaman SDN Kalisalak 03",IF(H9=14,"Halaman Musholla Baitul Marwah",0)))))))))))))) -> Depan Musholla Al Athar
A10: 8 | E10: Tegal, | F10: Perempuan | G10: Kalisalak Rt. Rw. | H10: 8 | I10: =IF(H10=1,"Depan Rumah Bp.Tamri",IF(H10=2,"Lapangan Volly",IF(H10=3,"Halaman MI NU 01 Kalisalak",IF(H10=4,"Halaman Rumah Ibu Rikhanah",IF(H10=5,"Halaman Rumah Alm. Bp. Ust. Sukhari",IF(H10=6,"Halaman Musholla Baitul Muhajirin",IF(H10=7,"Depan Musholla Al Athar",IF(H10=8,"MI Nurul Huda Kalisalak",IF(H10=9,"Halaman Musholla Baitul Muttaqin",IF(H10=10,"Halaman Rumah Bp. Sonhaji",IF(H10=11,"Halaman Bp.Priyadi Ibu Munawaroh",IF(H10=12,"Halaman Rumah Ibu Nurhayati Bp.Usd. Piing (Alm)",IF(H10=13,"Halaman SDN Kalisalak 03",IF(H10=14,"Halaman Musholla Baitul Marwah",0)))))))))))))) -> MI Nurul Huda Kalisalak
A11: 9 | E11: Tegal, | F11: Laki - laki | G11: Kalisalak Rt. Rw. | H11: 9 | I11: =IF(H11=1,"Depan Rumah Bp.Tamri",IF(H11=2,"Lapangan Volly",IF(H11=3,"Halaman MI NU 01 Kalisalak",IF(H11=4,"Halaman Rumah Ibu Rikhanah",IF(H11=5,"Halaman Rumah Alm. Bp. Ust. Sukhari",IF(H11=6,"Halaman Musholla Baitul Muhajirin",IF(H11=7,"Depan Musholla Al Athar",IF(H11=8,"MI Nurul Huda Kalisalak",IF(H11=9,"Halaman Musholla Baitul Muttaqin",IF(H11=10,"Halaman Rumah Bp. Sonhaji",IF(H11=11,"Halaman Bp.Priyadi Ibu Munawaroh",IF(H11=12,"Halaman Rumah Ibu Nurhayati Bp.Usd. Piing (Alm)",IF(H11=13,"Halaman SDN Kalisalak 03",IF(H11=14,"Halaman Musholla Baitul Marwah",0)))))))))))))) -> Halaman Musholla Baitul Muttaqin
A12: 10 | E12: Tegal, | F12: Perempuan | G12: Kalisalak Rt. Rw. | H12: 10 | I12: =IF(H12=1,"Depan Rumah Bp.Tamri",IF(H12=2,"Lapangan Volly",IF(H12=3,"Halaman MI NU 01 Kalisalak",IF(H12=4,"Halaman Rumah Ibu Rikhanah",IF(H12=5,"Halaman Rumah Alm. Bp. Ust. Sukhari",IF(H12=6,"Halaman Musholla Baitul Muhajirin",IF(H12=7,"Depan Musholla Al Athar",IF(H12=8,"MI Nurul Huda Kalisalak",IF(H12=9,"Halaman Musholla Baitul Muttaqin",IF(H12=10,"Halaman Rumah Bp. Sonhaji",IF(H12=11,"Halaman Bp.Priyadi Ibu Munawaroh",IF(H12=12,"Halaman Rumah Ibu Nurhayati Bp.Usd. Piing (Alm)",IF(H12=13,"Halaman SDN Kalisalak 03",IF(H12=14,"Halaman Musholla Baitul Marwah",0)))))))))))))) -> Halaman Rumah Bp. Sonhaji
A13: 11 | E13: Tegal, | F13: Laki - laki | G13: Kalisalak Rt. Rw. | H13: 11 | I13: =IF(H13=1,"Depan Rumah Bp.Tamri",IF(H13=2,"Lapangan Volly",IF(H13=3,"Halaman MI NU 01 Kalisalak",IF(H13=4,"Halaman Rumah Ibu Rikhanah",IF(H13=5,"Halaman Rumah Alm. Bp. Ust. Sukhari",IF(H13=6,"Halaman Musholla Baitul Muhajirin",IF(H13=7,"Depan Musholla Al Athar",IF(H13=8,"MI Nurul Huda Kalisalak",IF(H13=9,"Halaman Musholla Baitul Muttaqin",IF(H13=10,"Halaman Rumah Bp. Sonhaji",IF(H13=11,"Halaman Bp.Priyadi Ibu Munawaroh",IF(H13=12,"Halaman Rumah Ibu Nurhayati Bp.Usd. Piing (Alm)",IF(H13=13,"Halaman SDN Kalisalak 03",IF(H13=14,"Halaman Musholla Baitul Marwah",0)))))))))))))) -> Halaman Bp.Priyadi Ibu Munawaroh
A14: 12 | E14: Tegal, | F14: Perempuan | G14: Kalisalak Rt. Rw. | H14: 12 | I14: =IF(H14=1,"Depan Rumah Bp.Tamri",IF(H14=2,"Lapangan Volly",IF(H14=3,"Halaman MI NU 01 Kalisalak",IF(H14=4,"Halaman Rumah Ibu Rikhanah",IF(H14=5,"Halaman Rumah Alm. Bp. Ust. Sukhari",IF(H14=6,"Halaman Musholla Baitul Muhajirin",IF(H14=7,"Depan Musholla Al Athar",IF(H14=8,"MI Nurul Huda Kalisalak",IF(H14=9,"Halaman Musholla Baitul Muttaqin",IF(H14=10,"Halaman Rumah Bp. Sonhaji",IF(H14=11,"Halaman Bp.Priyadi Ibu Munawaroh",IF(H14=12,"Halaman Rumah Ibu Nurhayati Bp.Usd. Piing (Alm)",IF(H14=13,"Halaman SDN Kalisalak 03",IF(H14=14,"Halaman Musholla Baitul Marwah",0)))))))))))))) -> Halaman Rumah Ibu Nurhayati Bp.Usd. Piing (Alm)
A15: 13 | E15: Tegal, | F15: Laki - laki | G15: Kalisalak Rt. Rw. | H15: 13 | I15: =IF(H15=1,"Depan Rumah Bp.Tamri",IF(H15=2,"Lapangan Volly",IF(H15=3,"Halaman MI NU 01 Kalisalak",IF(H15=4,"Halaman Rumah Ibu Rikhanah",IF(H15=5,"Halaman Rumah Alm. Bp. Ust. Sukhari",IF(H15=6,"Halaman Musholla Baitul Muhajirin",IF(H15=7,"Depan Musholla Al Athar",IF(H15=8,"MI Nurul Huda Kalisalak",IF(H15=9,"Halaman Musholla Baitul Muttaqin",IF(H15=10,"Halaman Rumah Bp. Sonhaji",IF(H15=11,"Halaman Bp.Priyadi Ibu Munawaroh",IF(H15=12,"Halaman Rumah Ibu Nurhayati Bp.Usd. Piing (Alm)",IF(H15=13,"Halaman SDN Kalisalak 03",IF(H15=14,"Halaman Musholla Baitul Marwah",0)))))))))))))) -> Halaman SDN Kalisalak 03
A16: 14 | E16: Tegal, | F16: Perempuan | G16: Kalisalak Rt. Rw. | H16: 14 | I16: =IF(H16=1,"Depan Rumah Bp.Tamri",IF(H16=2,"Lapangan Volly",IF(H16=3,"Halaman MI NU 01 Kalisalak",IF(H16=4,"Halaman Rumah Ibu Rikhanah",IF(H16=5,"Halaman Rumah Alm. Bp. Ust. Sukhari",IF(H16=6,"Halaman Musholla Baitul Muhajirin",IF(H16=7,"Depan Musholla Al Athar",IF(H16=8,"MI Nurul Huda Kalisalak",IF(H16=9,"Halaman Musholla Baitul Muttaqin",IF(H16=10,"Halaman Rumah Bp. Sonhaji",IF(H16=11,"Halaman Bp.Priyadi Ibu Munawaroh",IF(H16=12,"Halaman Rumah Ibu Nurhayati Bp.Usd. Piing (Alm)",IF(H16=13,"Halaman SDN Kalisalak 03",IF(H16=14,"Halaman Musholla Baitul Marwah",0)))))))))))))) -> Halaman Musholla Baitul Marwah
A17: 15 | E17: Tegal, | F17: Laki - laki | G17: Kalisalak Rt. Rw. | H17: 1 | I17: =IF(H17=1,"Depan Rumah Bp.Tamri",IF(H17=2,"Lapangan Volly",IF(H17=3,"Halaman MI NU 01 Kalisalak",IF(H17=4,"Halaman Rumah Ibu Rikhanah",IF(H17=5,"Halaman Rumah Alm. Bp. Ust. Sukhari",IF(H17=6,"Halaman Musholla Baitul Muhajirin",IF(H17=7,"Depan Musholla Al Athar",IF(H17=8,"MI Nurul Huda Kalisalak",IF(H17=9,"Halaman Musholla Baitul Muttaqin",IF(H17=10,"Halaman Rumah Bp. Sonhaji",IF(H17=11,"Halaman Bp.Priyadi Ibu Munawaroh",IF(H17=12,"Halaman Rumah Ibu Nurhayati Bp.Usd. Piing (Alm)",IF(H17=13,"Halaman SDN Kalisalak 03",IF(H17=14,"Halaman Musholla Baitul Marwah",0)))))))))))))) -> Depan Rumah Bp.Tamri
A18: 16 | E18: Tegal, | F18: Perempuan | G18: Kalisalak Rt. Rw. | H18: 2 | I18: =IF(H18=1,"Depan Rumah Bp.Tamri",IF(H18=2,"Lapangan Volly",IF(H18=3,"Halaman MI NU 01 Kalisalak",IF(H18=4,"Halaman Rumah Ibu Rikhanah",IF(H18=5,"Halaman Rumah Alm. Bp. Ust. Sukhari",IF(H18=6,"Halaman Musholla Baitul Muhajirin",IF(H18=7,"Depan Musholla Al Athar",IF(H18=8,"MI Nurul Huda Kalisalak",IF(H18=9,"Halaman Musholla Baitul Muttaqin",IF(H18=10,"Halaman Rumah Bp. Sonhaji",IF(H18=11,"Halaman Bp.Priyadi Ibu Munawaroh",IF(H18=12,"Halaman Rumah Ibu Nurhayati Bp.Usd. Piing (Alm)",IF(H18=13,"Halaman SDN Kalisalak 03",IF(H18=14,"Halaman Musholla Baitul Marwah",0)))))))))))))) -> Lapangan Volly
... A73: 71 | E73: Tegal, | F73: Perempuan | G73: Kalisalak Rt. Rw. | H73: 14 | I73: =IF(H73=1,"Depan Rumah Bp.Tamri",IF(H73=2,"Lapangan Volly",IF(H73=3,"Halaman MI NU 01 Kalisalak",IF(H73=4,"Halaman Rumah Ibu Rikhanah",IF(H73=5,"Halaman Rumah Alm. Bp. Ust. Sukhari",IF(H73=6,"Halaman Musholla Baitul Muhajirin",IF(H73=7,"Depan Musholla Al Athar",IF(H73=8,"MI Nurul Huda Kalisalak",IF(H73=9,"Halaman Musholla Baitul Muttaqin",IF(H73=10,"Halaman Rumah Bp. Sonhaji",IF(H73=11,"Halaman Bp.Priyadi Ibu Munawaroh",IF(H73=12,"Halaman Rumah Ibu Nurhayati Bp.Usd. Piing (Alm)",IF(H73=13,"Halaman SDN Kalisalak 03",IF(H73=14,"Halaman Musholla Baitul Marwah",0)))))))))))))) -> Halaman Musholla Baitul Marwah

Sheet PRINT
I1: 34
Q3: UNTUK PPS
B8: PANITIA PEMUNGUTAN SUARA | K8: PANITIA PEMUNGUTAN SUARA
B9: DESA KALISALAK | K9: DESA KALISALAK
B11: SURAT KETERANGAN DPK | K11: SURAT KETERANGAN DPK
B13: Nama | E13: : | F13: =VLOOKUP($I$1,'DATA DPK'!A3:I298,4,1) -> 0 | K13: Nama | N13: : | O13: =F13 -> 0
B14: NIK | E14: : | F14: =VLOOKUP($I$1,'DATA DPK'!A3:I298,3,1) -> 0 | K14: NIK | N14: : | O14: =F14 -> 0
B15: Jenis Kelamin | E15: : | F15: =VLOOKUP($I$1,'DATA DPK'!A3:I298,6,1) -> Perempuan | K15: Jenis Kelamin | N15: : | O15: =F15 -> Perempuan
B16: Alamat E KTP | E16: : | F16: =VLOOKUP($I$1,'DATA DPK'!A3:I298,7,1) -> Kalisalak Rt. Rw. | K16: Alamat E KTP | N16: : | O16: =F16 -> Kalisalak Rt. Rw.
B17: TPS | E17: : | F17: =VLOOKUP($I$1,'DATA DPK'!A3:I298,8,1) -> 6 | K17: TPS | N17: : | O17: =F17 -> 6
B18: Alamat TPS | E18: : | F18: =VLOOKUP($I$1,'DATA DPK'!A3:I298,9,1) -> Halaman Musholla Baitul Muhajirin | K18: Alamat TPS | N18: : | O18: =F18 -> Halaman Musholla Baitul Muhajirin
B19: Waktu Pemungutan Suara | E19: : | F19: Pukul 12.00 sd 13.00 WIB | K19: Waktu Pemungutan Suara | N19: : | O19: Pukul 12.00 sd 13.00 WIB
B20: Catatan : | K20: Catatan :
B21: 1. Surat ini adalh sebagai bukti Pemilih DPK ( Daftar Pemilih Khusus ) | K21: 1. Surat ini adalh sebagai bukti Pemilih DPK ( Daftar Pemilih Khusus )
B22: 2. Dilayani sebagai pemilih DPK dengan menunjukan e-KTP Aslinya | K22: 2. Dilayani sebagai pemilih DPK dengan menunjukan e-KTP Aslinya
B23: 3. Dilayani pukul 12.00 sd 13.00 | K23: 3. Dilayani pukul 12.00 sd 13.00
B24: 4. Diberikan 2 jenis Surat Suara | K24: 4. Diberikan 2 jenis Surat Suara
F26: KETUA PPS | O26: KETUA PPS
F30: M. DANUWIYOTO | O30: M. DANUWIYOTO
